,SMS-related,Lock-in,Re-infection,Telephony-related,Ads,Internet-related
05F69FEDD4CC9AA3E638952EDE6FE2B3,0,0,0,0,1,0
07A771A3BA152D38D2A7725028B8207A,1,0,0,0,0,1
08e8d72e17157551f1ea836e6507a30a48febb9b,0,0,0,0,0,1
0B28B58C0833AFA33C33FC610D1AE051,1,0,0,0,0,1
19A411042DE80A6BB8A724BA5E744375,1,1,0,0,0,1
19E63F60220B60439CEC573E32E4B774,1,0,0,0,0,1
1B0804A0C70893EE41D0FD2717FDDDCC,0,0,0,0,0,1
1B1413F3BE21A43A37C41BBD0287CE49,1,0,0,0,0,1
42119f40928b5a640afab6b2498f2d8d75bdf0ce,1,0,1,1,0,1
4525cf93ef8c5deb18e95d6b9e96d3f4125a509e,1,0,1,0,0,1
4D3218D328EC38D761B25A6DB27873FA,1,0,0,0,0,1
4d7b50f33c646d8d2c477315bade009be81af040,0,0,1,1,0,1
7DAAC81FD244AF435CA3A7231CE1EE20,0,0,0,0,1,0
7FC7BF971B94D15B4EF1559971FC9E4D,1,1,0,0,0,1
82DC6BE121C3FD13DDEBC67A18CA5BB9,0,0,0,0,0,0
84A6390EBC8B510B01914D37CEFAA91A,0,1,0,0,1,0
B6FD119899F035FF5B199C20A5817C51,1,1,0,0,0,0
bc28a09c5f2b11b626e5d2bd398418c14465dde1,1,0,1,1,0,1
C0EDBD7366B6DE1819912070F4D70D5D,1,0,0,1,0,1
c983db1204701df52bc70757e39d929b0f8afc5e,1,0,0,0,0,1
E4F14E5B65E23FD0ED7F30E85BE6E115,1,0,0,0,0,0
E7F15CF126852642839F9F764582E28A,0,0,0,0,0,1
F1A49E343D1F65B5A27B5545A507701A,1,0,0,0,0,1
20190531-2210471be9f511b961b00a0e6be7e68de67c55,0,1,0,0,0,0
20190531-221052f53ac78210343c05ed4d19d6141de7b8,1,0,1,0,0,0
20190531-2211172a661a0a7ba9bac602628f2bf5a4e32a,1,0,1,0,0,0
20190527-161526ccdd9fc2a269baf708c483801b88874e,1,0,1,0,0,0
20190527-161536ede8dc95e3a6b6bc7b45f87986fb6f97,1,0,1,0,0,0
20190527-1615378d92d92ba013c7d4b5e74f163c08696a,1,0,1,0,0,0
20190527-1615518ba9e45c02adf2a8ef3895ec0535acfc,1,0,1,0,0,0
011AC4C687152F93FFA17B9E178FFA03,0,0,0,0,0,1
05F69FEDD4CC9AA3E638952EDE6FE2B3,0,1,1,0,1,0
06C9A4D92EAC15638646B7CEB1AC78DE,1,0,0,0,0,1
07E90C7C964025606CF487AEC719BE20,0,1,0,0,0,1
08C08C09CE82B5A760BFDDA01E2883EA,0,0,0,0,0,1
09ae0fc2a30ed8f0908ca30389661ef73e391004,1,0,1,1,1,1
0ab063fd451ebe311a0dd8904b522de560e5a86d,1,0,0,0,0,0
0B29A4267F2C5F2E68475EB40EAECB05,0,0,0,0,0,1
0b69c2ad588aa57218adaf7572ed8a80c5102c40,1,0,0,0,0,1
0BC2B77784288334029997C30053D709,1,0,0,0,0,1
0BE16592D225984FA9F2C58E0540A1F1,1,0,0,0,0,1
0CB50038AEC13712242BCF561305B538,1,0,0,0,0,1
0D20FE9389F3A03D35874B659DB60851,1,0,0,0,0,1
0D5BAD1F5F00CBCCD4A6C7F7F8AFC677,1,0,0,0,0,0
1BA1D6BAB856DA9A02DBE6D9B80C85E3,1,0,0,0,0,0
1EEB90113CA68A15F820C5577D3C562E,1,0,0,0,0,1
1F1FBC3A507775D8DED8715A9950F493,0,1,0,0,0,0
20190524-0910196e4a79b4b451481c443344a7063d0d2f,0,1,0,0,0,0
20190524-09102743cc7349e65324a329970f2d07cc90c2,0,1,0,0,0,0
20190524-101016906c93067c4fab58e165a33b909d8247,1,0,1,0,0,0
20190524-201043bc531c16f9d9dc76db41ad2b63e8d5a6,0,1,0,0,0,0
20190527-141012d127f21bd1f16512005ade763ce1ea1f,0,1,0,0,0,0
20190527-1411081f2a886761b4e713ba978e13a1878794,0,1,0,0,0,0
20190527-141112613f0bf08a925d67067db86c8f629e0c,0,1,0,0,0,0
20190527-141112764cff3b544d4eedff6beb4963863449,1,0,1,0,0,0
20190527-161512d34e5e2b663288792503123450d55d30,1,0,1,0,0,0
20190527-1615157d3ea7eb0292a7fc2474821db7e445dd,1,0,1,0,0,0
20190527-1615207eae5fcbd1fdae72844441bef89c928a,1,0,1,0,1,0
20190527-1615263738e7a3dabe0c5cfaae9a86cb56d452,1,0,1,0,0,0
20190527-16155724fd1f8ebb655845e79d5db9206bed09,0,1,0,0,0,0
20190527-16155737aa7d80a687e9845dc67af55563edf1,0,1,0,0,0,0
20190527-16160566f62c964bc2f097caf9c65491027df8,0,1,0,0,0,0
20190527-161639e46a102c12547ffc8dd0a0363f50f6dd,0,1,0,0,0,0
20190527-16164352e533a54274ec3eb2f974e36cfafbfa,0,1,0,0,0,0
20190527-161644b780ae0274ecb4b14b8d4c08ce291716,0,1,0,0,0,0
20190527-161645bbd223b801fe687abbd7da4428999b5e,0,1,0,0,0,0
20190527-161647b5cc358e5763ad4b36ee95fafeb2cd21,0,1,0,0,0,0
20190527-161651097f6e61d033722b953aafc3a85e3ea9,1,0,0,0,0,0
20190531-10105557df9e8b13a11b6a722d728163b54b21,1,0,1,0,0,0
20190531-10105839d5ff701a18ea3fed1aa063afc77ebe,1,0,1,0,0,0
20190531-1010585f73bd8fb4fd0c0ed10c59faed8113b5,1,0,0,0,0,0
20190531-211010b8ce70e60dd0a3b60c6fb892d627285b,1,0,1,0,0,0
20190531-211013654a303a15b0db9cddf255983b05075d,1,0,1,0,0,0
20190531-211013758e9871f6b86fc64f585e5197cfe94f,1,0,1,0,0,0
20190531-2110167395f19e7de4bbe0b32b6ececea69fa1,1,0,1,0,1,0
20190531-211019a528466abcaf1e1a321e80d08a3ee3a8,1,0,1,0,0,0
20190531-211019b1b51356718a5960ec669f57baedc933,1,0,1,0,0,0
20190531-2210061ae1c773865c334feedeeed6680cb4b5,1,0,1,0,0,0
20190531-22101972aee02ff23b310fbbb84ff5b589f7d8,1,0,1,0,0,0
20190531-2210227b89ee096311291ba8263b58e3420e97,0,1,0,0,0,0
20190531-2210231618f093dd4c70d5739014ba2f8062b4,1,0,1,0,0,0
20190531-22104081f32f232d967ee476eb58b06631b3a4,1,0,1,0,0,0
20190531-221154cb93e856d4eb821da2f221632b99d593,1,0,1,0,0,0
20190604-1710100a6a79bb67c99099bcb626690703d577,1,0,1,0,0,0
20190604-1710225f51a0cb47a77bf599c5a40e53ebc63f,1,0,1,0,0,0
20190604-1710229e4a138b9ed7868d3771a567d3c1fe96,1,0,1,0,0,0
20190604-1710235a6a5718ac6c5d95e6080850e1ced6a4,1,0,1,0,0,0
20190604-171024c071f1d0d92cb639977e69cd233ff825,1,0,1,0,0,0
20190607-1610180b201d5a4ad54c325e499ecd3a4690fc,1,0,1,0,0,0
20190612-161007f384bc0585f31c058d1b21dcf3b932cb,1,0,1,0,0,0
20190612-16101019ce4c7496c290ed3a1681d4be6ff607,1,0,1,0,0,0
20190613-101003cda730af36bea1fa951163a0a851eb8b,1,0,1,0,0,0
20190613-101004c0d9be24bb8a10fcf84015a2f48a8dda,1,0,1,0,0,0
20190613-101009315549bfe6fe9effcac0b204fef7cfcd,0,1,0,0,0,0
20190614-091053ffd5e5b10be0e3a3231b0cc11bd62358,1,0,1,0,0,0
20190614-091110d0eba98e3b3c248448026d0649982d4d,1,0,1,0,0,0
20190614-091111d98deaec00a9c2f563c1430a467c69f3,1,0,1,0,0,0
20190614-091111f024805c5b7992055ffd23f7034c4b70,1,0,0,0,1,0
20190614-091140b6d0841d538f6f8a2515e1ae9b3f7f86,1,0,0,0,0,0
20190614-101039dc06a66e967e4f15d4375de15c32403f,1,0,1,0,0,0
20190614-101044ffd525397f4295e808774dceb2b7b493,1,0,1,0,0,0
20190614-101048e08dd7efd3cb7f60596fc21ee06f6b38,1,0,1,0,0,0
20190614-101048e18b87afd6ea6392adba80f2d9fb0d63,1,0,1,0,0,0
20190614-101057a1a0de6c7de3196e777f4da1be03f9a8,1,0,1,0,0,0
20190614-101103fb3d54eb958e12752a3c39f5fa9a0639,1,0,1,0,0,0
20190614-101109c5d8c655726505ab2db3004fbbdb989c,1,0,1,0,0,0
20190614-101112cd5cef37dcfa9144aa62e5f51267935f,1,0,1,0,0,0
20190614-101118b250b29ff7da25d0b13cfb0167bd3576,1,0,1,0,0,0
20190614-101119a1b436e7f3aae4993002f76701146b60,1,0,1,0,0,0
20190614-101119ea9a9bb08355d3cc77d48309b4b20794,1,0,1,0,0,0
20190614-101125fd25b41a20c025efcccec138c5d7b87a,1,0,0,0,0,1
22E30CDD790E288F4C9F7EAF1D884BA8,1,0,0,0,0,1
26C909D168ADC6A5BCF9319351F75E04,1,1,0,0,0,1
285e232a42667ad4abeffb9ff2baa188b292ea8f,1,0,0,0,0,1
29D403164687AD9C676B093523D7EE0C,0,0,0,0,1,1
2BB96DF822E081FC25AF7BF1937B9BA1,0,0,0,0,0,1
2be5da937efc294cfc54273060bee92a3b8cda07,1,0,0,0,0,1
2C47984DC678A1B95F7F8F75032322E8,0,0,0,0,0,1
2ca959d907a9c3505ef9d619b9784e1815093548,0,0,0,0,0,1
2fc39d94782933482b4296111b60f8c077b59b93,1,0,0,0,0,1
2FCF87270BEC9E4A32B6F797700075FC,1,0,0,0,0,1
3A7AEB51058FF01671CA0FDB389E0A69,1,0,1,1,0,1
3ae6bf70f1f820422097b966ae30fd7ce34abbd2,1,0,0,0,0,1
3E4540AF2EE88622E2BBA094940777A2,0,0,0,0,0,1
3EC10D8F4661B3F83B3808225F55EC40,1,0,0,0,1,0
3F4468172AB3653989D7BFDC377EF60B,1,0,0,0,0,1
3F540538550DD3AF7D1CAE776C08D815,1,0,0,0,1,0
3F5548C7AE31BCDC6FD789C82468F513,0,1,1,0,0,0
3F5BBD796ABBBA5A6A1F5D65B124D1B6,0,0,0,0,0,1
4E647389FC46DE15274637ED208913BC,1,0,0,0,0,1
5E6B5D2E3745395DEC778D860FB021F5,0,1,0,0,0,0
5F232E09F204C1BD89CF148E15423300,1,0,0,0,0,1
5F87FC3B834A9D352867597390B1DD61,0,1,1,0,0,0
6A5DB0F1A5E71F613634A2E7385A49E8,0,1,1,0,0,0
6A6F1511B32E7AF43B0B01A86E30803A,0,1,1,0,0,0
6A7D6CB32E7D2968ECAD6A150A05E50D,1,0,0,0,0,1
6AC45D1E5F9E626DAEAF659E9563AD9A,0,1,0,0,0,0
6B043C24E6277FA33828C8BD09ABE5CB,0,1,1,0,0,0
6B414D58197CD5E3421381AEC0541DF9,0,1,0,0,0,0
6B5B9549F76BAD5D225E53111368B893,0,1,0,0,0,0
6B5ECE4E1B9423934832AD07C1E94925,0,1,1,0,0,0
6B6DCC1A73DE8F86F89063C540C8DD0D,0,1,1,0,0,0
6B6F03B6C0B81AE5A20B7488E294242E,0,1,0,0,0,0
6B88187AF04D2356468963CAF3B937F0,0,1,1,0,0,0
6BAA2840E9A31016D5C43548ED0CB5D3,0,1,0,1,0,0
6BC2546F9B4DC922700162312A55CE10,0,1,1,0,0,0
6BFDD3E55AAF2FAB59BCAF81760C2D44,0,1,1,0,0,0
6C12D029D57E8E4586203562EBD79041,0,1,1,0,0,0
6C134A7FFCCE7C9D2C31BBB61D1EAA3A,1,0,0,0,0,1
6C43617885E32B0DC787D5462F723074,0,1,0,0,0,0
6C63415ECA59EF6CA6BEF73B01E7E851,0,1,1,0,0,0
6D0693F95B51C9DD33318BB7AB0641BF,0,1,1,0,0,0
6E1785F6A5D2C41532B4B2C93A918348,0,1,1,0,0,0
6E5F4D0412AF490E11F6C918585B67DD,1,0,0,0,0,1
6F768E5EAAF5E4BCE0437F853AA892A8,1,0,0,0,0,1
79C8DE1AD05BFD51BE53538EFA45B4A2,0,1,1,0,0,0
7A80D48ABBF7A5100700092A811BA0B5,1,0,0,0,0,1
7BA52C431E8DE4AD33C6D013809327CE,0,1,0,0,0,1
8CB8D2C471EC9E51CFE4A8A2DFD70BDC,1,0,0,1,0,1
8eef3199177418900d6d209a88fc83de7219f6f1,1,0,0,1,0,0
96b69d0bce67c7609cea63269946060c8c061f97,0,0,0,0,1,1
9CE290A9175520FD26EF05BA4179944F,1,0,0,0,0,1
9E93E933A1A55A00308890775F7C70E2,1,0,0,0,0,1
9ED473D2D87EBE8849BD925CE839A1E3,1,0,0,0,0,0
AE26A0C4FEF4AB1F382760DE453EF94F,1,0,0,0,0,1
AEA478A0AF629902C91A7A9600E90445,1,0,0,0,0,1
AF7470760A31F0230AD3918730876115,1,0,0,0,0,1
B04995A076B0B9E69A5B14D41CCED195,1,0,0,0,0,0
B6FB460115C1A428980F6FBF8D09A4CA,1,0,0,0,1,1
CE2C600042D351908CB6BC3AB8E0B3A8,0,0,0,0,0,1
cec6e3b860ce1a9ca211345c9df646e66e113d64,0,1,0,0,0,1
D55964A114DA0C4CA5C66D858883D1E1,1,0,0,0,0,0
DA7F9CA9BA864D5BEA7FE8CA5ED1AD6A,1,0,0,0,0,0
DA8981D176384CD870285413F699C6B3,1,0,1,0,0,1
ddae41781f1353d922f07bae4520c289414e07e6,0,1,1,0,0,0
F27D0817343AB01944551105C155818A,1,0,0,0,0,1
FADF91C4CA3B990CF712D379CFFF8774,0,0,0,0,0,1
ff075c3e8f95062caecc7099ebe7af75fc69a76e,1,0,0,1,0,1
